{
  "id": "1818765",
  "name": "首页引导页",
  "font_family": "iconfont",
  "css_prefix_text": "icon-",
  "description": "",
  "glyphs": [
    {
      "icon_id": "4112894",
      "name": "留言",
      "font_class": "liuyan",
      "unicode": "e626",
      "unicode_decimal": 58918
    },
    {
      "icon_id": "10140106",
      "name": "分 享",
      "font_class": "fenxiang",
      "unicode": "e603",
      "unicode_decimal": 58883
    },
    {
      "icon_id": "3952251",
      "name": "Music",
      "font_class": "Music",
      "unicode": "e6c7",
      "unicode_decimal": 59079
    },
    {
      "icon_id": "4106110",
      "name": "友情链接",
      "font_class": "ziyuan-copy",
      "unicode": "e611",
      "unicode_decimal": 58897
    },
    {
      "icon_id": "6175321",
      "name": "miku",
      "font_class": "chuyin",
      "unicode": "e602",
      "unicode_decimal": 58882
    },
    {
      "icon_id": "12642818",
      "name": "AI",
      "font_class": "AI",
      "unicode": "e72d",
      "unicode_decimal": 59181
    },
    {
      "icon_id": "12740420",
      "name": "video",
      "font_class": "video",
      "unicode": "e600",
      "unicode_decimal": 58880
    },
    {
      "icon_id": "487061",
      "name": "博客",
      "font_class": "boke",
      "unicode": "e60a",
      "unicode_decimal": 58890
    },
    {
      "icon_id": "786289",
      "name": "摄影",
      "font_class": "sheying",
      "unicode": "e61a",
      "unicode_decimal": 58906
    },
    {
      "icon_id": "10560306",
      "name": "关于",
      "font_class": "guanyu",
      "unicode": "e687",
      "unicode_decimal": 59015
    }
  ]
}
